timestamp,user_id,endpoint,status_code
2026-09-01 10:15:30,USR102,/api/v1/predict,200
2026-09-01 10:15:31,USR103,/api/v1/predict,200
2026-09-01 10:15:32,USR104,/api/v1/predict,200
2026-09-01 10:15:33,USR105,/api/v1/predict,200
2026-09-01 10:15:34,USR106,/api/v1/predict,200
2026-09-01 10:15:35,USR107,/api/v1/predict,200
2026-09-01 10:15:36,USR108,/api/v1/predict,200
2026-09-01 10:15:37,USR109,/api/v1/predict,200
2026-09-01 10:15:38,USR110,/api/v1/predict,200
2026-09-01 10:15:39,USR111,/api/v1/predict,200
2026-09-01 10:15:40,USR112,/api/v1/predict,200
2026-09-01 10:15:41,USR113,/api/v1/predict,200
2026-09-01 10:15:42,USR114,/api/v1/predict,200
2026-09-01 10:15:43,USR115,/api/v1/predict,200
2026-09-01 10:15:44,USR116,/api/v1/predict,200
2026-09-01 10:15:45,USR117,/api/v1/predict,200
2026-09-01 10:15:46,USR118,/api/v1/predict,200
2026-09-01 10:15:47,USR119,/api/v1/predict,200
2026-09-01 10:15:48,USR120,/api/v1/predict,200
2026-09-01 10:15:49,USR121,/api/v1/predict,200
2026-09-01 10:15:50,USR122,/api/v1/predict,200
2026-09-01 10:15:51,USR123,/api/v1/predict,200
2026-09-01 10:15:52,USR124,/api/v1/predict,200
2026-09-01 10:15:53,USR125,/api/v1/predict,200
2026-09-01 10:15:54,USR126,/api/v1/predict,200
2026-09-01 10:15:55,USR127,/api/v1/predict,200
2026-09-01 10:15:56,USR128,/api/v1/predict,200
2026-09-01 10:15:57,USR129,/api/v1/predict,200
2026-09-01 10:15:58,USR130,/api/v1/predict,200
2026-09-01 10:15:59,USR131,/api/v1/predict,200
2026-09-01 10:16:00,USR132,/api/v1/predict,200
2026-09-01 10:16:01,USR133,/api/v1/predict,200
2026-09-01 10:16:02,USR134,/api/v1/predict,200
2026-09-01 10:16:03,USR135,/api/v1/predict,200
2026-09-01 10:16:04,USR136,/api/v1/predict,200
2026-09-01 10:16:05,USR137,/api/v1/predict,200
2026-09-01 10:16:06,USR138,/api/v1/predict,200
2026-09-01 10:16:07,USR139,/api/v1/predict,200
2026-09-01 10:16:08,USR140,/api/v1/predict,200
2026-09-01 10:16:09,USR141,/api/v1/predict,200
2026-09-01 10:16:10,USR142,/api/v1/predict,200
2026-09-01 10:16:11,USR143,/api/v1/predict,200
2026-09-01 10:16:12,USR144,/api/v1/predict,200
2026-09-01 10:16:13,USR145,/api/v1/predict,200
2026-09-01 10:16:14,USR146,/api/v1/predict,200
2026-09-01 10:16:15,USR147,/api/v1/predict,200
2026-09-01 10:16:16,USR148,/api/v1/predict,200
2026-09-01 10:16:17,USR149,/api/v1/predict,200
2026-09-01 10:16:18,USR150,/api/v1/predict,200
2026-09-01 10:16:19,USR151,/api/v1/predict,200
2026-09-01 10:16:20,USR152,/api/v1/predict,200
2026-09-01 10:16:21,USR153,/api/v1/predict,200
2026-09-01 10:16:22,USR154,/api/v1/predict,200
2026-09-01 10:16:23,USR155,/api/v1/predict,200
2026-09-01 10:16:24,USR156,/api/v1/predict,200
2026-09-01 10:16:25,USR157,/api/v1/predict,200
2026-09-01 10:16:26,USR158,/api/v1/predict,200
2026-09-01 10:16:27,USR159,/api/v1/predict,200
2026-09-01 10:16:28,USR160,/api/v1/predict,200
2026-09-01 10:16:29,USR161,/api/v1/predict,200
2026-09-01 10:16:30,USR162,/api/v1/predict,200
2026-09-01 10:16:31,USR163,/api/v1/predict,200
2026-09-01 10:16:32,USR164,/api/v1/predict,200
2026-09-01 10:16:33,USR165,/api/v1/predict,200
2026-09-01 10:16:34,USR166,/api/v1/predict,200
2026-09-01 10:16:35,USR167,/api/v1/predict,200
2026-09-01 10:16:36,USR168,/api/v1/predict,200
2026-09-01 10:16:37,USR169,/api/v1/predict,200
2026-09-01 10:16:38,USR170,/api/v1/predict,200
2026-09-01 10:16:39,USR171,/api/v1/predict,200
2026-09-01 10:16:40,USR172,/api/v1/predict,200
2026-09-01 10:16:41,USR173,/api/v1/predict,200
2026-09-01 10:16:42,USR174,/api/v1/predict,200
2026-09-01 10:16:43,USR175,/api/v1/predict,200
2026-09-01 10:16:44,USR176,/api/v1/predict,200
2026-09-01 10:16:45,USR177,/api/v1/predict,200
2026-09-01 10:16:46,USR178,/api/v1/predict,200
2026-09-01 10:16:47,USR179,/api/v1/predict,200
2026-09-01 10:16:48,USR180,/api/v1/predict,200
2026-09-01 10:16:49,USR181,/api/v1/predict,200
2026-09-01 10:16:50,USR182,/api/v1/predict,200
2026-09-01 10:16:51,USR183,/api/v1/predict,200
2026-09-01 10:16:52,USR184,/api/v1/predict,200
2026-09-01 10:16:53,USR185,/api/v1/predict,200
2026-09-01 10:16:54,USR186,/api/v1/predict,200
2026-09-01 10:16:55,USR187,/api/v1/predict,200
2026-09-01 10:16:56,USR188,/api/v1/predict,200
2026-09-01 10:16:57,USR189,/api/v1/predict,200
2026-09-01 10:16:58,USR190,/api/v1/predict,200
2026-09-01 10:16:59,USR191,/api/v1/predict,200
2026-09-01 10:17:00,USR192,/api/v1/predict,200
2026-09-01 10:17:01,USR193,/api/v1/predict,200
2026-09-01 10:17:02,USR194,/api/v1/predict,200
2026-09-01 10:17:03,USR195,/api/v1/predict,200
2026-09-01 10:17:04,USR196,/api/v1/predict,200
2026-09-01 10:17:05,USR197,/api/v1/predict,200
2026-09-01 10:17:06,USR198,/api/v1/predict,200
2026-09-01 10:17:07,USR199,/api/v1/predict,200
2026-09-01 10:17:08,USR200,/api/v1/predict,200
2026-09-01 10:17:09,USR201,/api/v1/predict,200
